experiment_id,role,status,model,dataset,samples,seeds_or_runs,design,primary_result,use_for_next_planning,key_limitation,main_artifact
E1_initial,directional pilot,superseded by E1-v2.1p,Qwen2.5-VL-7B-Instruct,V*Bench,238,1,"contact sheet; original, GT-only, GT+1/+4/+8","GT-only 78.15%; +8 71.85%; initial drop 6.30 pp",Use only as historical support,"max_new_tokens=8 and contact-sheet layout confounds",outputs/results_context_pollution_full.csv
E1.5,post-hoc validity analysis,superseded effect size,Qwen2.5-VL-7B-Instruct,V*Bench,238,1,"valid/invalid separation, flip analysis, paired bootstrap","+4/+8 initial drops significant when invalid counted wrong",Use for audit history,"inherits E1 generation and layout artifacts",outputs/e15_report.md
E1.6,technical sanity check,complete,Qwen2.5-VL-7B-Instruct,V*Bench,"37 suspicious plus matched reruns",1,"token-length diagnostics and targeted rerun","invalid outputs mainly hit 8-token cap; context overflow unlikely",Use as engineering diagnosis,"not a new performance experiment",outputs/e16_technical_sanity_report.md
E1_v2_smoke,protocol smoke,complete,Qwen2.5-VL-7B-Instruct,V*Bench,20,1,"separate-image evidence; GT-only and +8","GT-only 65%; +8 45%",Use only as protocol validation,"small sample and high invalid rate",outputs/report_context_pollution_smoke_v2.md
E1_v2.1p,final controlled experiment,complete and authoritative,Qwen2.5-VL-7B-Instruct,V*Bench,238,3,"all five conditions independently rerun per seed; separate images","GT-only 84.45%; +1 82.91%; +4 81.37%; +8 80.25%",Use as primary E1 evidence,"single model family and benchmark",outputs/report_context_pollution_full_v21p.md
E2M_VBench_smoke,protocol smoke,incomplete and not performance-valid,Mini-o3-7B-v1,V*Bench,20,"20 plain; 7 completed agent episodes","real multi-turn crop trajectories","plain 15/20; completed agent 7/7",Use only to document protocol viability,"only 7 agent episodes; sample-level data quality concerns",outputs/e2m_smoke_guarded/episode_summary.csv
E2M_VisualNeedle_20,balanced smoke,complete but absorbed into 100,Mini-o3-7B-v1,VisualNeedle,20,1,"five categories x4; real multi-turn search","2/20 semantic correct; 8 no-answer; 107 crops",Prefer 100-sample result,"early crop labels used a different review batch",/mnt/data2/szj/experiments/e2m_needle_smoke/smoke_sample_ids_20_frozen.txt
E2M_VisualNeedle_100,main real-search validation,complete and authoritative,Mini-o3-7B-v1,VisualNeedle,100,1,"five categories x20; up to 12 rounds","7% reviewed semantic accuracy; 49% no-answer; 62% target hit",Use as primary E2-M evidence,"observational trajectories do not identify causal crop effects",/mnt/data2/szj/experiments/e2m_needle_smoke/crop_and_accuracy_report_100.md

