sample_id,question,category,gt_answer,final_answer,status,stop_reason,num_rounds,num_crops,runtime_seconds,total_output_tokens,peak_gpu_memory_mb,first_gt_coverage_10_turn,ever_gt_coverage_10_hit,raw_exact_match,official_normalized_match,official_judge_used,official_judge_result,official_judge_pending,official_final_correct,official_final_is_lower_bound
TPROMPT9ee217718764,"In the picture, what is the second character to the right of '8元'?",OCR Recognition,辣,,completed,image_or_turn_cap,12,11,82.10768810287118,1095,19376.35791015625,1,True,False,False,True,,False,False,False
TPROMPT5c23986e354f,"Among all the business sign with white text in the image, only one is related to pool. What is the name of this shop?",OCR Recognition,欢兮台球棋牌,,completed,image_or_turn_cap,12,11,72.74035187251866,1601,18105.63720703125,5,True,False,False,True,,False,False,False
TPROMPT9ed3a153f248,What are the characters before the number '502' in the picture?,OCR Recognition,京都,京都,completed,answer,5,4,30.272482907399535,519,17464.38427734375,1,True,True,True,False,,False,True,False
TPROMPT7e7a67fa1b6a,"Near the food stand labeled '正宗自助手搓冰粉', what is written on the sign of the closest Chuan-chuan (skewers) stand?",OCR Recognition,三毛五串串香,油炸串串,completed,answer,6,5,34.69069244340062,923,17148.81640625,,False,False,False,True,False,False,False,False
TPROMPT21c31e94e6ef,"In the picture, what is the fourth character on the sign surrounded by a yellow light strip, at the bottom right of the sign named '银苑'?",OCR Recognition,室,L,completed,answer,5,4,34.15074725449085,745,17482.53125,1,True,False,False,True,False,False,False,False
TPROMPTd9dea78fc2c2,"In the picture, there are the characters '煮玉米'. What is the name written under the first product to its right?",OCR Recognition,烤红薯,,completed,image_or_turn_cap,12,11,51.451391799375415,1310,17085.83544921875,1,True,False,False,True,,False,False,False
TPROMPT76c2790d4a2b,What are the two characters directly above the number ‘75’?,OCR Recognition,美容,元昌,completed,answer,4,3,19.572317231446505,511,16713.90966796875,1,True,False,False,True,False,False,False,False
TPROMPTa3781b14212b,"In the image, what is the first character on the upper-right part of the yellow lantern?",OCR Recognition,浪,浪,completed,answer,4,3,20.93690888956189,368,17214.4267578125,1,True,True,True,False,,False,True,False
TPROMPTd76926eae1e4,"Among all the illuminated signs in the picture, there is one shop sign that has a lighting failure. What is written on that sign?",OCR Recognition,烟酒便利,,completed,image_or_turn_cap,12,11,60.63802816905081,1799,17093.74609375,,False,False,False,True,,False,False,False
TPROMPTff54c94f8c78,"In the image, what characters are written on the sycee held by the lucky cat graffiti to the left of the man wearing a hat?",OCR Recognition,開運,福,completed,answer,7,6,39.095177590847015,854,17394.04248046875,1,True,False,False,True,False,False,False,False
TPROMPTb732c7fab386,Please find the sign with a golden five-pointed star. What brand is on the first sign directly above it?,OCR Recognition,SKECHERS,,completed,image_or_turn_cap,12,11,86.25826938636601,1525,18578.51171875,1,True,False,False,True,,False,False,False
TPROMPT11712e5ce7e5,What characters are on the first signboard to the left of the '满满大勺' sign?,OCR Recognition,金榜鸭脖,,completed,image_or_turn_cap,12,11,70.38222558796406,1755,17453.6533203125,1,True,False,False,True,,False,False,False
TPROMPT3b0fc700b6ba,What characters are on the yellow sign below the '日咖夜酒' sign?,OCR Recognition,得亨茶楼,日咖夜酒,completed,answer,4,3,23.424824710935354,532,17170.81103515625,1,True,False,False,True,False,False,False,False
TPROMPTe1671ded862f,"Please find the drawer labeled '赤小豆' in the picture, and then find the fifth drawer from left to right in the row above it. What is the two-character name of the Chinese medicinal herb written on this drawer?",OCR Recognition,拳参,木香,completed,answer,3,2,20.86462781764567,455,17223.96337890625,1,True,False,False,True,False,False,False,False
TPROMPT7497e337e5af,"Above the mother who is holding a child, what is written on the blue sign near the left hand of the figure wearing a red scarf?",OCR Recognition,QING YUN,,completed,image_or_turn_cap,12,11,99.2058972492814,1443,19947.1943359375,1,True,False,False,True,,False,False,False
TPROMPT2369f049b80b,What is the yellow English word on the sign above '寻味贵陽'?,OCR Recognition,mao,Old Guiyang,completed,answer,3,2,12.579082211479545,341,16722.28125,,False,False,False,True,False,False,False,False
TPROMPTd71e0ba6af48,What is written on the nameplate in front of the man wearing a dark blue short-sleeved shirt?,OCR Recognition,官塘镇,,completed,image_or_turn_cap,12,11,145.23033349961042,1738,22518.04052734375,1,True,False,False,True,,False,False,False
TPROMPTcc462aeedebc,"On the sign on top of the cart to the right of '特色凉拌菜' in the picture, what is the first character?",OCR Recognition,盐,,completed,image_or_turn_cap,12,11,60.394727723672986,1762,17094.3115234375,,False,False,False,True,,False,False,False
TPROMPTeb0a3413facb,"In the picture, what are the first two digits written on the first image to the right of the sticker of the bear wearing a red bow tie?",OCR Recognition,17,17,completed,answer,5,4,24.251680010929704,658,16868.6650390625,1,True,True,True,False,,False,True,False
TPROMPT373af397f515,"Please find the handwritten poster with a drawing of the Earth. On the poster that is directly above the first poster to its left, what is the text content?",OCR Recognition,WOMEN DESERVE BETTER OPTIONS,,completed,image_or_turn_cap,12,11,81.25340767391026,1512,18431.24560546875,,False,False,False,True,,False,False,False
TPROMPT3a4863b95c2a,"Among the cars with green license plates in the image, there is one with its tail lights off. What is the license plate number of this car?",OCR Recognition,渝A・AQ2580,A A50387,completed,answer,3,2,12.029759928584099,365,16489.16943359375,,False,False,False,True,False,False,False,False
TPROMPTa4c5c9ce4d5e,What are the first two characters of the second row on the second advertisement board under the sushi stand?,OCR Recognition,香茅,,completed,image_or_turn_cap,12,11,60.11840894073248,1773,17071.126953125,1,True,False,False,True,,False,False,False
TPROMPT4b58392e9fa0,What are the Chinese characters written on the white sign to the left of the green sign above the traffic light?,OCR Recognition,百好酒,,completed,image_or_turn_cap,12,11,63.164432188495994,1360,17548.42724609375,1,True,False,False,True,,False,False,False
TPROMPT87f194a501d8,"In the picture, what are the words on the top two lines of the white commercial sign above the pedestrian crossing sign in front of the Hyundai car?",OCR Recognition,LUSH FRESH,LUSH FRESH,completed,answer,3,2,15.56705684773624,404,16933.85546875,1,True,True,True,False,,False,True,False
TPROMPTe4c8f54e012c,"On the red sign next to the pink helmet, what is written in the last line?",OCR Recognition,夫宇脆皮肠,夫宇脆皮肠,completed,answer,4,3,21.884447304531932,533,17151.41455078125,1,True,True,True,False,,False,True,False
TPROMPTa57c2e299fb8,"Find all the short-sleeved shirts in the image. Among the white short-sleeved shirts with letters printed on them, what is the letter?",OCR Recognition,K,,completed,image_or_turn_cap,12,11,58.66965317353606,1712,17065.33203125,,False,False,False,True,,False,False,False
TPROMPT4332e08930fe,What are the two large characters written on the sign to the left of the shop sign below '酷秀KTV' in the picture?,OCR Recognition,曼迪,,completed,image_or_turn_cap,12,11,66.22538107819855,1488,17648.9384765625,1,True,False,False,True,,False,False,False
TPROMPT385ec69248ec,"On the blue sign below the ""马克猫"" flags, what are the characters after '地铁'?",OCR Recognition,公告栏,,completed,image_or_turn_cap,12,11,58.46688403002918,1616,17220.18701171875,2,True,False,False,True,,False,False,False
TPROMPT13b616f8c9dc,What characters are on the sign to the right of the '万岁小主' sign in the picture?,OCR Recognition,地道長沙味,文和,completed,answer,5,4,20.860765419900417,584,16739.7548828125,1,True,False,False,True,False,False,False,False
TPROMPT2d3a530d79de,What are the characters to the right of '咖啡' in the picture?,OCR Recognition,茶饮,,completed,image_or_turn_cap,12,11,56.84026967175305,1629,17128.16162109375,1,True,False,False,True,,False,False,False
TPROMPTe93c0e257ee2,What are the two rows of Chinese characters located on the far right of the picture?,OCR Recognition,上午，午夜,上午 午夜,completed,answer,4,3,13.414951192215085,383,16495.1611328125,1,True,False,False,True,True,False,True,False
TPROMPTbb4183eb9aa6,What is the number shown on the remote control's screen?,OCR Recognition,26,1,completed,answer,6,5,22.0035887286067,656,16588.4228515625,1,True,False,False,True,False,False,False,False
TPROMPTe12124092983,What is all the text on the sign of the e-cigarette shop in the picture?,OCR Recognition,悦刻电子烟,电子烟,completed,answer,4,3,15.603722712025046,418,16702.61572265625,1,True,False,False,True,False,False,False,False
TPROMPT44a5713acb48,Which sign in the picture has white circles on a red background?,OCR Recognition,冰拔絲地瓜,The Coca-Cola sign has white circles on a red background.,completed,answer,5,4,31.600689882412553,553,17791.90478515625,2,True,False,False,True,False,False,False,False
TPROMPT2d2649c0df2e,What color top is the person wearing the white headband in the picture wearing?,Color Recognition,Light green.,white,completed,answer,5,4,23.74009528942406,607,16868.86181640625,1,True,False,False,True,False,False,False,False
TPROMPTf44ca1b5cfe5,What is written on the red signboard in the picture?,OCR Recognition,博騰,,completed,image_or_turn_cap,12,11,89.09249342419207,1421,18940.88623046875,,False,False,False,True,,False,False,False
TPROMPT1490498cee1f,What are the characters on the sign to the right of '裘记单车修理铺'?,OCR Recognition,誠興麻雀公司,诚果麻辣公司,completed,answer,5,4,22.33716408908367,652,16734.1513671875,1,True,False,False,True,False,False,False,False
TPROMPT07c19ee8daef,"In the picture, what characters are written on the sign to the left of the sign printed with the characters '招财猫'?",OCR Recognition,时代汇,机床,completed,answer,4,3,14.614068698137999,462,16474.29052734375,1,True,False,False,True,False,False,False,False
TPROMPT6a3fb0bb1b31,"In the image, what are the characters that have a dark brown (purplish-brown) background and golden-yellow font?",OCR Recognition,红叶百货批发,魚,completed,answer,5,4,20.540720788761973,585,16695.51025390625,2,True,False,False,True,False,False,False,False
TPROMPT28c29c1db01e,What is the text on the sign to the left of '热干面' in the image?,OCR Recognition,提拉米苏,武汉正宗,completed,answer,3,2,12.584701830521226,312,16770.0419921875,1,True,False,False,True,False,False,False,False
TPROMPT26086032b3a7,What text is written below ‘请上’?,OCR Recognition,二楼,,completed,image_or_turn_cap,12,11,106.36360740661621,1169,20983.20068359375,2,True,False,False,True,,False,False,False
TPROMPT3e4fe0e13a53,What is the content below '娱乐KTV' in the picture?,OCR Recognition,请上三楼,一楼,completed,answer,3,2,9.547710524871945,280,16433.10009765625,1,True,False,False,True,False,False,False,False
TPROMPT35849bcca74c,What is the complete text on the sign that includes the word ‘手机’ in the image?,OCR Recognition,收售二手手机,收售二手手机,completed,answer,4,3,22.596155557781458,490,17242.86669921875,1,True,True,True,False,,False,True,False
TPROMPTc0529c3ff153,What is the text on the left side of the man's clothing？,OCR Recognition,30,京东秒送,completed,answer,4,3,13.245033675804734,361,16537.39208984375,,False,False,False,True,False,False,False,False
TPROMPT2adad2f7f441,What is the character to the right of '房' on the red sign above '星辰公寓'?,OCR Recognition,东,租,completed,answer,5,4,20.613075589761138,507,16831.66552734375,,False,False,False,True,False,False,False,False
TPROMPT00e974d39841,What are the characters written on the glass railing?,OCR Recognition,过年，就在天街,,completed,image_or_turn_cap,12,11,53.74687694199383,1240,17237.7001953125,,False,False,False,True,,False,False,False
TPROMPT17518843f8cc,What color are the two items of the same size located directly below the rectangular black object in the picture?,Color Recognition,Pink and green,brown,completed,answer,3,2,11.124068971723318,348,16454.548828125,1,True,False,False,True,False,False,False,False
TPROMPT8dd79a19623f,"In the picture, what color clothes is the person to the right of the woman drinking coconut juice wearing?",Color Recognition,Red,,invalid,unparsed_model_output,4,3,63.68105817772448,2461,16716.19677734375,,False,False,False,True,,False,False,False
TPROMPT9dad8fb37323,What color is the sunscreen bottle to the left of the phone in the picture?,Color Recognition,Blue,The sunscreen bottle to the left of the phone is blue.,completed,answer,5,4,18.3546277359128,554,16555.064453125,1,True,False,False,True,True,False,True,False
TPROMPT8f1a37f85a7b,"In the picture, what color is the headband on the cabinet that is closest to the TV?",Color Recognition,Purple,red,completed,answer,4,3,15.741877876222134,457,16521.50830078125,1,True,False,False,True,False,False,False,False
TPROMPTf9789aa0279c,"Among the pendants in the picture, there is a white puppy pendant. What is the color of its hat?",Color Recognition,Blue,,completed,image_or_turn_cap,12,11,59.47949958965182,1621,17127.27197265625,1,True,False,False,True,,False,False,False
TPROMPT5c4cd9457ec6,"In the photo, Cristiano Ronaldo is wearing blue and white clothes. What color is the headband of the toy figure directly below him?",Color Recognition,Black,white,completed,answer,3,2,11.078969076275826,346,16453.74853515625,,False,False,False,True,False,False,False,False
TPROMPTd707edeba9f3,What color is the bag carried by the person pushing the stroller in the picture?,Color Recognition,White,red,completed,answer,5,4,24.053492534905672,543,17122.322265625,1,True,False,False,True,False,False,False,False
TPROMPT9f45ab1d66fe,What color is the skincare product placed to the right of the Nivea facial cleanser?,Color Recognition,Blue,pink,completed,answer,4,3,17.66398262232542,512,16692.90673828125,1,True,False,False,True,False,False,False,False
TPROMPTa3ae8e428218,What color is the car below the figure with a yellow object on their head in the picture?,Color Recognition,yellow and green,The car is yellow.,completed,answer,3,2,11.87272683531046,360,16521.88818359375,1,True,False,False,True,False,False,False,False
TPROMPT88dc50778928,What color are the scissors in the cylindrical container in the picture?,Color Recognition,Blue or cyan or green.,The scissors in the cylindrical container are red.,completed,answer,2,1,6.456825697794557,177,16385.994140625,1,True,False,False,True,False,False,False,False
TPROMPTd02bc74ad0a8,What color clothes is the plush doll on the desk in the middle of the picture wearing?,Color Recognition,Dark blue,The plush doll is wearing black clothes.,completed,answer,3,2,11.475099002942443,322,16579.22998046875,1,True,False,False,True,False,False,False,False
TPROMPT5e89eb1273e1,"In the third row of the storage shelf from the top, what color is the pattern on the paper cup?",Color Recognition,Green,black,completed,answer,4,3,15.991349916905165,474,16606.7431640625,1,True,False,False,True,False,False,False,False
TPROMPT6e8ebd25acae,What color is the basin inside the pink basin behind the black mask in the picture?,Color Recognition,Blue,white,completed,answer,5,4,20.60734262689948,634,16590.00927734375,,False,False,False,True,False,False,False,False
TPROMPTe56ffa2da97d,What color is the hat paired with the white hoodie on the rack on the left side of the picture?,Color Recognition,Red,The hat paired with the white hoodie is black.,completed,answer,3,2,13.543856009840965,335,16877.0751953125,1,True,False,False,True,False,False,False,False
TPROMPTde7c9d8b1fa1,"In the picture, what color are the large scissors in the pen holder to the left of the pencil sharpener that is placed to the left of the mug?",Color Recognition,Green,The large scissors in the pen holder to the left of the pencil sharpener that is placed to the left of the mug are blue.,completed,answer,3,2,13.409247279167175,417,16551.06884765625,1,True,False,False,True,False,False,False,False
TPROMPT0a24f2bbb0a8,"Please find the person wearing a green hat in the picture, then locate the first person wearing a hat in the row to his left counting from front to back. What color is the clothing of the person behind this individual?",Color Recognition,Black,,completed,image_or_turn_cap,12,11,88.72320256009698,2360,17660.57177734375,,False,False,False,True,,False,False,False
TPROMPTcbf5caf2f74a,"In the picture, what color is the sun hat worn by the person in shorts who is closest to the car driving in the non-motorized vehicle lane?",Color Recognition,Black,Yellow,completed,answer,4,3,19.655083041638136,602,16684.53369140625,1,True,False,False,True,False,False,False,False
TPROMPT4315b27969c0,"In the bookcase to the right of the radio in the picture, what color is the cover of the fourth book from left to right?",Color Recognition,Blue,white,completed,answer,3,2,13.463086549192667,397,16605.05615234375,1,True,False,False,True,False,False,False,False
TPROMPT459e6815b3ad,What is the color of the item held by '吹笛子的少年' in front of the police figurine?,Color Recognition,Black,,completed,image_or_turn_cap,12,11,63.59663058258593,1935,17071.90380859375,,False,False,False,True,,False,False,False
TPROMPT65ab072c3b73,What is the color of the bag in the hand of the woman to the left of the person making a phone call gesture in the image?,Color Recognition,Black,,completed,image_or_turn_cap,12,11,71.75575349666178,1967,17330.0185546875,1,True,False,False,True,,False,False,False
TPROMPT4827f5bac79f,What color is the water ladle hanging in front of the yellow wooden board of the window in the picture?,Color Recognition,Pink,,completed,image_or_turn_cap,12,11,56.71784468740225,1374,17204.2978515625,1,True,False,False,True,,False,False,False
TPROMPT3d04f493f1e1,What color is the doll to the left of the picture frame below the dolphin doll in the picture?,Color Recognition,Cyan,The doll to the left of the picture frame below the dolphin doll is orange.,completed,answer,5,4,22.235283797606826,718,16598.45263671875,,False,False,False,True,False,False,False,False
TPROMPTcb89849b96c2,"Please find the whisk in the image, then find the item directly below the whisk that touches the ground and features a character. What color is the hat of the character on this item?",Color Recognition,White,,completed,image_or_turn_cap,12,11,88.07033702172339,1839,17945.32421875,1,True,False,False,True,,False,False,False
TPROMPT922f3a55568b,What color is the book directly above the sixth book to the right of the '古代中国内陆' book?,Color Recognition,Red,,completed,image_or_turn_cap,12,11,73.85961363650858,2047,17609.48388671875,1,True,False,False,True,,False,False,False
TPROMPT977be29c0aae,What color are the clothes worn by the first man to the left of the distribution box in front of the Honda sign?,Color Recognition,Black,white,completed,answer,11,10,134.33459475263953,1406,21255.3408203125,1,True,False,False,True,False,False,False,False
TPROMPT5d1d907d375f,"In the picture, what color clothes is the girl to the right of the girl carrying a water bottle wearing?",Color Recognition,Blue,The girl to the right of the girl carrying a water bottle is wearing black clothes.,completed,answer,4,3,20.147931084036827,470,17050.69677734375,,False,False,False,True,False,False,False,False
TPROMPT75c2356f5e0f,What color is the fourth doll to the left of the pink fan?,Color Recognition,Pink,yellow,completed,answer,3,2,13.636916624382138,405,16669.611328125,,False,False,False,True,False,False,False,False
TPROMPT8cdd00c71c72,"In the advertisement containing the characters '東海', what is the background color of the character '海'?",Color Recognition,Red or fuchsia or pink,,completed,image_or_turn_cap,12,11,101.6722164247185,1413,20304.970703125,1,True,False,False,True,,False,False,False
TPROMPT384c8f33e4cc,"There is a transparent box containing Kirby dolls, in the box to the bottom right of that box, what color is the hat?",Color Recognition,Light yellow,The hat is red.,completed,answer,8,7,38.12430619262159,1139,16844.0595703125,,False,False,False,True,False,False,False,False
TPROMPT11157b3d113c,What color is the basket located above the boxed '红烧牛肉面' and closer to the outside of the shop?,Color Recognition,Khaki,red,completed,answer,5,4,34.36383675597608,558,18090.5390625,3,True,False,False,True,False,False,False,False
TPROMPT94339f80b50d,What color is the bag carried by the woman in the khaki shirt in the picture?,Color Recognition,Black,,completed,image_or_turn_cap,12,11,103.08087625727057,1589,19922.72314453125,,False,False,False,True,,False,False,False
TPROMPTbf160f4c535d,What color is the skirt or trousers on the lower body of the woman wearing a headband in the picture?,Color Recognition,Green,,invalid,unparsed_model_output,5,4,70.6625690869987,2497,17167.81787109375,,False,False,False,True,,False,False,False
TPROMPTa6afff2f9bd6,What color is the guitar in the picture?,Color Recognition,Brown,The guitar is brown.,completed,answer,5,4,23.314261365681887,535,17119.79638671875,2,True,False,False,True,True,False,True,False
TPROMPT632f637e4902,What color is the mouse in the picture?,Color Recognition,Silver or black,The mouse is white.,completed,answer,3,2,10.06817715242505,303,16450.55908203125,,False,False,False,True,False,False,False,False
TPROMPT6252c375dad4,What color is the glue stick in the picture?,Color Recognition,White,The glue stick is blue.,completed,answer,3,2,11.216386057436466,299,16455.27392578125,1,True,False,False,True,False,False,False,False
TPROMPT59bd48963daf,What color is the correction tape in the picture?,Color Recognition,White or clear,The correction tape in the picture is green.,completed,answer,4,3,18.611621731892228,520,16749.69921875,1,True,False,False,True,False,False,False,False
TPROMPT98301a2c2575,What color is the lighter in the picture?,Color Recognition,Green,,completed,image_or_turn_cap,12,11,71.36885141581297,2138,17162.56396484375,1,True,False,False,True,,False,False,False
TPROMPTfd9e662a5271,What color is the object in Snoopy's hand in the picture?,Color Recognition,Brown or orange,red,completed,answer,4,3,14.764996074140072,402,16621.66943359375,1,True,False,False,True,False,False,False,False
TPROMPTa8d1a6f74ac4,What color is the timer in the picture?,Color Recognition,Green,The timer in the picture is red.,completed,answer,2,1,6.309429086744785,192,16364.21484375,,False,False,False,True,False,False,False,False
TPROMPT1e5ff2942b29,What color is the pencil sharpener in the picture?,Color Recognition,Silver,,completed,image_or_turn_cap,12,11,55.75366470962763,1663,16975.81884765625,,False,False,False,True,,False,False,False
TPROMPT5a17ec0898d7,What color is the correction tape in the picture?,Color Recognition,White,,invalid,unparsed_model_output,4,3,61.37646617740393,2446,16477.6640625,,False,False,False,True,,False,False,False
TPROMPTe63efe3eef16,What color are the gloves in the picture?,Color Recognition,Green,The gloves in the picture are pink.,completed,answer,2,1,7.3455714005976915,176,16606.1533203125,,False,False,False,True,False,False,False,False
TPROMPT2da7609a0e4b,What color is the Bluetooth earphone case in the picture?,Color Recognition,Pink,The Bluetooth earphone case is black.,completed,answer,3,2,10.162702910602093,296,16456.7529296875,,False,False,False,True,False,False,False,False
TPROMPT3b3c80ecf389,What color is the charger cube in the picture?,Color Recognition,White,The charger cube in the picture is red.,completed,answer,3,2,12.139329951256514,317,16683.6865234375,,False,False,False,True,False,False,False,False
TPROMPT31999fa85408,What color is the hair claw clip in the picture?,Color Recognition,Silver,,completed,image_or_turn_cap,12,11,53.679549254477024,1440,16999.30908203125,,False,False,False,True,,False,False,False
TPROMPTeb5d2ac29103,Who is the cartoon character wearing a brown backpack?,Entity Recognition,Mario,,completed,image_or_turn_cap,12,11,59.19350508786738,1361,17612.48486328125,2,True,False,False,True,,False,False,False
TPROMPT5f09e97ce2c9,"In the picture, what is the primarily black object closest to the Mona Lisa picture frame?",Entity Recognition,Kerosene lamp,The primarily black object closest to the picture frame of the Mona Lisa is an alarm clock.,completed,answer,5,4,19.60672729089856,605,16583.30908203125,,False,False,False,True,False,False,False,False
TPROMPT68ca2fe097b9,What is the black and white item near the Lego bricks?,Entity Recognition,Dice,,completed,image_or_turn_cap,12,11,51.28851632401347,1495,16960.6708984375,1,True,False,False,True,,False,False,False
TPROMPT5bdfa8b4b56f,What is the transparent rectangular object in the picture?,Entity Recognition,Ruler,The transparent rectangular object is a model kit or a set of decals.,completed,answer,3,2,11.763956172391772,374,16442.595703125,,False,False,False,True,False,False,False,False
TPROMPT6acc555002b3,What is the predominantly green object near the lint roller?,Entity Recognition,Pumpkin,The predominantly green object near the lint roller is a green frog plush toy.,completed,answer,3,2,11.132633183151484,323,16509.72900390625,1,True,False,False,True,False,False,False,False
TPROMPT37318e20e89a,What is the cyan object up to the thermometer in the picture?,Entity Recognition,Landline phone,The cyan object is a figure from the game Animal Crossing.,completed,answer,4,3,17.535051696002483,544,16547.1240234375,,False,False,False,True,False,False,False,False
TPROMPT55742422545b,What is on the far left of the shelf where Kuromi is located in the picture?,Entity Recognition,Loopy,"There is a grey, stuffed animal, which looks like a bear, on the far left of the shelf.",completed,answer,3,2,14.285935688763857,371,16891.45849609375,,False,False,False,True,False,False,False,False
TPROMPTd1210081d050,What is the coffee-colored object on the plate?,Entity Recognition,Lollipop,The coffee-colored object on the plate is a teddy bear.,completed,answer,6,5,29.47549446672201,603,17163.30126953125,,False,False,False,True,False,False,False,False
TPROMPTb81e20c2db71,What is the object placed in the gap of the bookshelf above the purple marker?,Entity Recognition,Lollipop,,completed,image_or_turn_cap,12,11,62.82379529438913,1647,17374.673828125,1,True,False,False,True,,False,False,False
TPROMPT6f68b40581ba,What is the white-haired elderly person holding in their hand?,Entity Recognition,A book,The white-haired elderly person is holding a blue smartphone in their hand.,completed,answer,4,3,14.302121443673968,443,16479.8740234375,1,True,False,False,True,False,False,False,False
TPROMPT96da9834dbc1,What is the second item to the left of the monkey in the picture?,Entity Recognition,Cat,The second item to the left of the monkey is a white bear-like plush toy.,completed,answer,4,3,19.766933722421527,558,16831.90771484375,,False,False,False,True,False,False,False,False
TPROMPT9cfcac6766a6,What is drawn behind the astronaut in the picture?,Entity Recognition,Tree,,completed,image_or_turn_cap,12,11,58.90777809917927,1637,17097.5791015625,1,True,False,False,True,,False,False,False
TPROMPT4fbb99de6505,What is the blue object closest to the card with a panda pattern in the picture?,Entity Recognition,Toy car,,completed,image_or_turn_cap,12,11,53.92221153527498,1561,16965.83447265625,,False,False,False,True,,False,False,False
TPROMPT937d576541c5,"In the picture, what is the object to the top right of the box closest to a heart shape?",Entity Recognition,Rubik's cube,The object to the top right of the box closest to a heart shape is a pink bicycle.,completed,answer,3,2,10.819929847493768,334,16473.08154296875,,False,False,False,True,False,False,False,False
TPROMPT2fa94160c13d,What is the pink character depicted on the light pink beanbag in the picture?,Entity Recognition,Lotso,The pink character depicted on the light pink beanbag is a cartoon character.,completed,answer,5,4,23.21335094049573,609,16936.82568359375,,False,False,False,True,False,False,False,False
TPROMPT099f36d398c1,"On the second cabinet from the left, what is the product with a blue hemisphere on the packaging?",Entity Recognition,Eye patches,,completed,image_or_turn_cap,12,11,58.548596577718854,1284,17339.39892578125,1,True,False,False,True,,False,False,False
TPROMPT825bccada2da,What is the white object to the front-left of Peppa Pig?,Entity Recognition,Bluetooth headphone case,"The white object to the front-left of Peppa Pig is another pink stuffed animal, which looks like a baby pig, wearing a red dress.",completed,answer,3,2,12.539146840572357,387,16528.94580078125,,False,False,False,True,False,False,False,False
TPROMPT9de5a57bb05d,What is the food closest to the television in the picture?,Entity Recognition,Ice cream,The food closest to the television is a hamburger.,completed,answer,5,4,20.193288262933493,609,16588.49169921875,,False,False,False,True,False,False,False,False
TPROMPT84ed52046338,"Please find the clock in the room. On the countertop of the cabinet to the left of the clock, what is the second item when counting from left to right?",Entity Recognition,Telephone,,completed,image_or_turn_cap,12,11,82.87309855595231,1603,18326.453125,1,True,False,False,True,,False,False,False
TPROMPTacb5e1f84110,"Under the canopy, what is the girl with long hair tied back, wearing a white top and black pants, holding in her hand?",Entity Recognition,An umbrella,,completed,image_or_turn_cap,12,11,65.33342363871634,1585,17386.3857421875,,False,False,False,True,,False,False,False
TPROMPT331ec7b1c71f,"Inside the frame on the shelf in the picture, there is a Captain America doll. What is the crocheted doll to its right called?",Entity Recognition,Chi's Sweet Home,The crocheted doll to the right of the Captain America doll is called Mario.,completed,answer,3,2,11.391699654981494,350,16495.31201171875,1,True,False,False,True,False,False,False,False
TPROMPT42678aebd195,"On the beach in the picture, what is the yellow object to the left of the red and blue tent?",Entity Recognition,Swim ring,The yellow object to the left of the red and blue tent is a yellow ring or float.,completed,answer,5,4,27.746137199923396,612,17350.23681640625,1,True,False,False,True,True,False,True,False
TPROMPTc93f870ffad3,"On the shelf to the right of '碘伏消毒液', what is the most expensive item on the 3rd row from the top?",Entity Recognition,吉列锋速3刀片2片装,,completed,image_or_turn_cap,12,11,110.54564475640655,1752,19798.685546875,,False,False,False,True,,False,False,False
TPROMPTaf2003853447,"In the photo featuring a person wearing a blue mask, what is the decoration hanging to its front-left (outside the photo)?",Entity Recognition,Strawberry,A red strawberry-shaped decoration.,completed,answer,4,3,18.318184921517968,462,16905.05859375,1,True,False,False,True,True,False,True,False
TPROMPT8c50710e0cce,"On the table in the picture, what is the figure in front of the Christmas tree riding?",Entity Recognition,Electric scooter,The figure in front of the Christmas tree is riding a sleigh.,completed,answer,4,3,18.889944018796086,475,16930.32421875,1,True,False,False,True,False,False,False,False
TPROMPT0bfb8770708e,"Please find the two parallel strings of chili peppers in the picture. On the counter below them, counting from left to right, what product is behind the third item?",Entity Recognition,Air-dried sausage or Landjäger,,completed,image_or_turn_cap,12,11,90.8562002722174,1756,18464.6337890625,,False,False,False,True,,False,False,False
TPROMPT312e2d4924ab,"Within the first 4 rows from top to bottom on the shelf, which products have predominantly blue packaging and a price lower than 10 yuan?",Entity Recognition,'南國特浓椰子糖' and '维C软糖',,completed,image_or_turn_cap,12,11,126.30769360437989,1909,20584.732421875,1,True,False,False,True,,False,False,False
TPROMPTa10064d97f46,What is the object immediately to the left of the tweezers in the picture?,Entity Recognition,Toothbrush,,completed,image_or_turn_cap,12,11,57.10829446464777,1630,16986.79248046875,1,True,False,False,True,,False,False,False
TPROMPT35255b0e44f6,What color is the item to the left of the battery in the picture?,Color Recognition,White,black,completed,answer,6,5,36.597664166241884,728,17841.43359375,1,True,False,False,True,False,False,False,False
TPROMPT6ce215638c57,"On the yellow shelf on the wall to the right of the window in the picture, what is the shape of the ornament placed first from top to bottom?",Entity Recognition,Boiled egg,,completed,image_or_turn_cap,12,11,49.55196142755449,1236,17089.81640625,1,True,False,False,True,,False,False,False
TPROMPT3b824b5818d8,What is the doll above the large orange-yellow book on the bookshelf?,Entity Recognition,Shiro,The doll above the large orange-yellow book on the bookshelf is a red robot or action figure.,completed,answer,5,4,21.73366865888238,664,16653.02294921875,1,True,False,False,True,False,False,False,False
TPROMPT98d34d3f2f7e,What is the heart-shaped object in the picture?,Entity Recognition,Mirror,The heart-shaped object in the picture is pink and balloon-like.,completed,answer,4,3,17.14188400283456,477,16629.81103515625,1,True,False,False,True,False,False,False,False
TPROMPT8e6275084324,What item is hanging around the neck of the girl wearing a light blue top and with her hair tied up?,Entity Recognition,Over-ear headphones,,completed,image_or_turn_cap,12,11,65.06113319657743,1818,17224.2197265625,,False,False,False,True,,False,False,False
TPROMPTe31648324dbb,What is the object on Squidward's head in the picture?,Entity Recognition,A hat,The object on Squidward's head is a hat.,completed,answer,5,4,18.38063257560134,566,16536.341796875,1,True,False,False,True,True,False,True,False
TPROMPT590724952722,What is Nailong facing?,Entity Recognition,Hair roller,The character is facing forward.,completed,answer,7,6,28.576303532347083,873,16721.04150390625,,False,False,False,True,False,False,False,False
TPROMPT5e284ebedfca,What is to the right of Kirby in the picture?,Entity Recognition,Rotary dial telephone,"A pink plush toy, which appears to be Kirby, is to the right of the white bunny pillow.",completed,answer,4,3,15.801495935767889,411,16658.64697265625,1,True,False,False,True,False,False,False,False
TPROMPTa720ecb7da24,What is the small green item on the middle table?,Entity Recognition,Bottle opener,The small green item on the middle table appears to be a piece of broccoli.,completed,answer,9,8,39.531976498663425,1103,16879.91748046875,,False,False,False,True,False,False,False,False
TPROMPTe0cbbf2620d3,What is the cartoon figure inside the shopping cart in the picture?,Entity Recognition,Dog (Shiro),,completed,image_or_turn_cap,12,11,44.641059098765254,1184,16903.271484375,,False,False,False,True,,False,False,False
TPROMPTee601cf57b9c,What is the tool being held by the rabbit in the picture?,Entity Recognition,grocery basket,The rabbit is holding a pair of scissors.,completed,answer,4,3,13.639411486685276,410,16503.04248046875,1,True,False,False,True,False,False,False,False
TPROMPTb5a4994265ab,What is the tool with three holes in the picture?,Entity Recognition,Wrench,"The tool with three holes is a type of bit or cutter, possibly a router bit.",completed,answer,5,4,29.688008408993483,542,17433.10546875,1,True,False,False,True,False,False,False,False
TPROMPT0ac61557657c,What building number is the first building to the bottom left of Building '31栋' in the picture?,Spatial Relationship,22栋,,completed,image_or_turn_cap,12,11,101.49658071622252,1415,19458.611328125,3,True,False,False,True,,False,False,False
TPROMPTe057ae3a7d46,What is to the right of the green stool in the picture?,Spatial Relationship,A blue stool,,completed,image_or_turn_cap,12,11,84.67699872143567,1405,18381.97412109375,,False,False,False,True,,False,False,False
TPROMPT6a40e4600d95,What is the second snack to the left of '黄瓜' in the picture?,Spatial Relationship,Tribute vegetable,,invalid,unparsed_model_output,6,5,76.87089075520635,2727,17097.10595703125,1,True,False,False,True,,False,False,False
TPROMPTb7d16105e70e,What is the name of the sixth book on the shelf below '朝花夕拾'?,Spatial Relationship,One Hundred Years of Solitude,,completed,image_or_turn_cap,12,11,73.56005848199129,2151,17462.80517578125,1,True,False,False,True,,False,False,False
TPROMPT6a75d7f11f8c,"On the signboard with the text '椰福居' in the picture, what is the second character (counting from top to bottom)?",Spatial Relationship,子,福,completed,answer,3,2,10.582368154078722,313,16442.15966796875,1,True,False,False,True,False,False,False,False
TPROMPT9cb8bd6915b4,What is the logo on the sign below the sign that says '典韵阁'?,Spatial Relationship,常楽,,completed,image_or_turn_cap,12,11,131.42058782279491,1689,21261.630859375,1,True,False,False,True,,False,False,False
TPROMPT642beb76b8d9,"In the picture, what is the second character to the right of '我有'?",Spatial Relationship,想,,completed,image_or_turn_cap,12,11,46.157444110140204,1072,17242.25,1,True,False,False,True,,False,False,False
TPROMPT4e84c67324b4,"Counting two rows directly up from '小麻花', what is the product?",Spatial Relationship,旺旺小小酥,,completed,image_or_turn_cap,12,11,72.69614719413221,1771,17479.35693359375,1,True,False,False,True,,False,False,False
TPROMPT3091df45580c,What is the name of the second book to the right of the book '红豺'?,Spatial Relationship,谈判,,completed,image_or_turn_cap,12,11,73.09502152353525,1445,17956.85791015625,,False,False,False,True,,False,False,False
TPROMPT44008887cd0a,"In the picture, what animal is above the giraffe with the blue background?",Spatial Relationship,Bird,,completed,image_or_turn_cap,12,11,65.06516173481941,1697,17277.44384765625,1,True,False,False,True,,False,False,False
TPROMPTc15623bda4f1,"In the third row below the '云南白药' toothpaste, what is the first complete product from left to right?",Spatial Relationship,Diaopai soap,,completed,image_or_turn_cap,12,11,62.25472474656999,1442,17388.60595703125,1,True,False,False,True,,False,False,False
TPROMPTddb07117b5a0,"In the picture, what is the text on the second row (counting from bottom to top) above the '黄焖鸡米饭' sign?",Spatial Relationship,薛记,老记,completed,answer,4,3,16.110857669264078,465,16571.3759765625,1,True,False,False,True,False,False,False,False
TPROMPT91f41b6832c0,What is the name of the fifth individually packaged snack to the left of the '蓝莓干' (dried blueberries)?,Spatial Relationship,果不其然,,completed,image_or_turn_cap,12,11,68.8161378391087,1952,17202.95263671875,1,True,False,False,True,,False,False,False
TPROMPTf580f92c43df,Find the person wearing green clothes in the picture. What is written to the upper right of his head?,Spatial Relationship,卤面,,completed,image_or_turn_cap,12,11,55.24380528181791,1301,17267.3916015625,1,True,False,False,True,,False,False,False
TPROMPTe2d55a4fcc6f,What is the nearest vehicle to the left of the barrier located at the bottom left of the no-entry sign in the picture?,Spatial Relationship,Bicycle,The nearest vehicle to the left of the barrier is a white car.,completed,answer,5,4,37.1802534442395,605,17979.673828125,1,True,False,False,True,False,False,False,False
TPROMPT762efc0e8ba7,What is the number in the tag to the right of the numerical tag directly above '桂花乌龙'?,Spatial Relationship,3.2,3.2,completed,answer,6,5,28.898716563358903,791,16846.44970703125,1,True,True,True,False,,False,True,False
TPROMPTffcbc8ce570f,"On the shelf in the picture, what is next to the snack packed in a black bag to the right of the '手撕素肉卷'?",Spatial Relationship,鱼豆腐,,completed,image_or_turn_cap,12,11,54.354471400380135,1483,17114.86962890625,1,True,False,False,True,,False,False,False
TPROMPTd27b2a205b7d,"In the picture, what is the fourth product from left to right on the first shelf below the '旺仔牛奶' (Wangzai Milk)?",Spatial Relationship,纯牛奶,,completed,image_or_turn_cap,12,11,60.47973324172199,1657,17196.50390625,1,True,False,False,True,,False,False,False
TPROMPT3876cff94d32,What is the doll directly above the third doll to the left of the Zhu Bajie doll holding in its hands?,Spatial Relationship,Carrot,,completed,image_or_turn_cap,12,11,74.66966529749334,2147,17364.2099609375,,False,False,False,True,,False,False,False
TPROMPTdaf58fe2a41d,"On the shelf with pink label backgrounds, what is the price of the rightmost product in the second row from the top?",Spatial Relationship,49.9,59,completed,answer,4,3,24.40930101275444,502,17400.72705078125,1,True,False,False,True,False,False,False,False
TPROMPT3c99cee2ee15,What is the pink animal on the same shelf as Doraemon?,Spatial Relationship,Swan,The pink animal on the same shelf as Doraemon is a pink bunny.,completed,answer,6,5,23.255186304450035,677,16596.79931640625,1,True,False,False,True,False,False,False,False
TPROMPTc8991bac3ee9,What is the object to the right of the eye drops?,Spatial Relationship,Desktop speakers,The object to the right of the eye drops is a white speaker.,completed,answer,4,3,15.043673237785697,454,16498.3984375,1,True,False,False,True,True,False,True,False
TPROMPTa9dc32957495,What is the triangular object to the left of the item below the whistle?,Spatial Relationship,Set square,The triangular object is a small yellow triangle.,completed,answer,4,3,15.846593219786882,499,16525.93896484375,1,True,False,False,True,False,False,False,False
TPROMPT31205a3f0a8d,"On the shelf where '洁柔' tissues are located, in the sixth row counting from bottom to top, what color is the first product from left to right?",Spatial Relationship,Black,,completed,image_or_turn_cap,12,11,93.30210373550653,2578,17597.12939453125,1,True,False,False,True,,False,False,False
TPROMPTf693f06204f0,"On the second shelf above the book '窗边的小豆豆' in the picture, what is the name of the second book from left to right?",Spatial Relationship,《白鹿原》,这个历史超有趣,completed,answer,4,3,23.350775780156255,507,17324.5888671875,1,True,False,False,True,False,False,False,False
TPROMPT7a75636a3b9d,"In the image, what is the second product to the right of the first product directly above the '原味阿萨姆奶茶'?",Spatial Relationship,营养快线,,completed,image_or_turn_cap,12,11,99.11091855354607,1769,18536.04052734375,,False,False,False,True,,False,False,False
TPROMPT4d38369995c3,"In the picture, what is the content of the signboard to the left of the '草鹿亭日式料理' sign?",Spatial Relationship,循回龙虾,,completed,image_or_turn_cap,12,11,66.01130986213684,1896,17201.81640625,1,True,False,False,True,,False,False,False
TPROMPT67091f5462b7,"In the picture, what are the characters below '我的英文'?",Spatial Relationship,唱玩大书,,completed,image_or_turn_cap,12,11,57.961928859353065,1490,17270.25634765625,1,True,False,False,True,,False,False,False
TPROMPTbb4cf0cc7859,What are the characters below '真冰真体验'?,Spatial Relationship,感受纯正滑冰运动,,completed,image_or_turn_cap,12,11,64.2063503395766,1790,17490.9072265625,,False,False,False,True,,False,False,False
TPROMPTb85097d0357f,Which book is above '一朵桔梗花' in the picture?,Spatial Relationship,《向日葵不开的夏天》,情深深雨濛濛,completed,answer,7,6,29.097094599157572,863,16783.17138671875,3,True,False,False,True,False,False,False,False
TPROMPTc7c603ad3a9e,What are the words above '萍姐火锅' in the picture?,Spatial Relationship,ping sister hot pot,,completed,image_or_turn_cap,12,11,48.70279056765139,1338,17057.91162109375,1,True,False,False,True,,False,False,False
TPROMPTdcc8e5320bb5,What is the product to the bottom right of the '上好佳鲜虾条' in the picture?,Spatial Relationship,'真实惠金虾条',妙脆角,completed,answer,3,2,12.514414297416806,369,16444.04345703125,,False,False,False,True,False,False,False,False
TPROMPT91b74119b23b,What is the 3rd book above '萤'?,Spatial Relationship,《鹿川有许多粪》,,completed,image_or_turn_cap,12,11,77.21900813654065,1911,18015.84326171875,10,True,False,False,True,,False,False,False
TPROMPTd79d39cab392,What are the two characters below '遇' in the picture?,Spatial Relationship,五花,,completed,image_or_turn_cap,12,11,68.26525161601603,1679,17661.126953125,2,True,False,False,True,,False,False,False
TPROMPT038b4987f2c1,What is the word below 'LANE' in the picture?,Spatial Relationship,ENDS,,completed,image_or_turn_cap,12,11,47.93458134122193,1176,17244.59912109375,1,True,False,False,True,,False,False,False
TPROMPTcc36d493e6fa,What is to the right of the peach jelly?,Spatial Relationship,Apple-flavored jelly,Orange juice,completed,answer,4,3,22.863216128200293,559,17051.4248046875,,False,False,False,True,False,False,False,False
TPROMPT38ac7fbf9141,"In the picture, what is the text written on the line above 'HKG'?",Spatial Relationship,China,Civil Procedure in Hong Kong,completed,answer,5,4,19.489232083782554,510,16803.92822265625,,False,False,False,True,False,False,False,False
TPROMPT827cb614e2d9,What is the smaller line of text to the left of the Chinese knot?,OCR Recognition,北京烤鸭店,,completed,image_or_turn_cap,12,11,42.005711518228054,1160,16858.91015625,,False,False,False,True,,False,False,False
TPROMPTbcd9c95a3af1,Please help me extract the phone number located at the bottom-left of the white leftward arrow.,OCR Recognition,01003885002,,completed,image_or_turn_cap,12,11,52.00847406499088,1380,17102.13427734375,1,True,False,False,True,,False,False,False
TPROMPTbbf9cdc186ad,Which characters are written on the blue-background sign above the train in the image?,OCR Recognition,陳麻花,,completed,image_or_turn_cap,12,11,54.547835905104876,1382,17175.236328125,1,True,False,False,True,,False,False,False
TPROMPT5f31b3a5e452,"On the sign with the three characters '工具箱', what are the last two characters? I can't see clearly because it is too far away.",OCR Recognition,工程,,completed,image_or_turn_cap,12,11,52.33673474192619,1319,17266.0732421875,,False,False,False,True,,False,False,False
TPROMPT72757d5fd7cc,Please tell me what the two characters before the Chinese character '鸡' in the image are?,OCR Recognition,钵钵,,completed,image_or_turn_cap,12,11,61.15106088668108,1531,17569.93408203125,1,True,False,False,True,,False,False,False
TPROMPTa9fc22a7914a,What are the last two characters on the red-background sign to the top right of '音樂長廊' (written in traditional characters)?,OCR Recognition,故事,,completed,image_or_turn_cap,12,11,62.75488827936351,1743,17318.6064453125,,False,False,False,True,,False,False,False
TPROMPTfa444cc289b4,What are the English letters above the white arrow with a red background?,OCR Recognition,PEDESTRIA,,completed,image_or_turn_cap,12,11,48.975284000858665,1373,16902.44873046875,,False,False,False,True,,False,False,False
TPROMPT9c0f30434600,"The four characters following the small text '精品服装' are blurry, please help me identify them.",OCR Recognition,请上五楼,,completed,image_or_turn_cap,12,11,68.88196433335543,1778,17603.73193359375,3,True,False,False,True,,False,False,False
TPROMPTef9011c29ddb,The two digits before the number '54' in the image are too blurry. Could you help me check what those numbers are?,OCR Recognition,18,,completed,image_or_turn_cap,12,11,74.39946292154491,2095,17523.59912109375,3,True,False,False,True,,False,False,False
TPROMPT76d13ba158b2,There is a line of English text above the little bear wearing green; please extract it for me.,OCR Recognition,Bakery & Desserts,,completed,image_or_turn_cap,12,11,52.210078755393624,1482,17079.37158203125,5,True,False,False,True,,False,False,False
TPROMPT684691f534ff,"You can see the letters 'YAUCHEUNGNADUCHAP', right? There is some other English text to the right that I'm not sure about. Please help me extract it.",OCR Recognition,Shipside Hearth Ballad,"Yes, I can see the letters 'YAUCHEUNGNADUCHAP'. To the right of it, there is some other English text which is 'Shipside Health Ballet'.",completed,answer,3,2,12.13653034903109,362,16445.2529296875,1,True,False,False,True,False,False,False,False
TPROMPT110d99998616,"There are three characters to the right of '汉武帝', what are they?",OCR Recognition,永乐帝,,completed,image_or_turn_cap,12,11,56.20962401479483,1489,17256.0029296875,,False,False,False,True,,False,False,False
TPROMPT6064c9a5c9cc,Did you see the numbers below 'bo'? What are they?,OCR Recognition,2814,,completed,image_or_turn_cap,12,11,53.70466304011643,1442,17077.7109375,1,True,False,False,True,,False,False,False
TPROMPT947d23b267c1,"There are numbers to the right of '011', can you help me find them?",OCR Recognition,97368443,,completed,image_or_turn_cap,12,11,65.0949186552316,1865,17228.6689453125,,False,False,False,True,,False,False,False
TPROMPT4d9300e23732,Please tell me what characters are to the right of the white left-pointing arrow with a purple background.,OCR Recognition,4楼,,completed,image_or_turn_cap,12,11,68.47414052672684,1790,17694.58154296875,,False,False,False,True,,False,False,False
TPROMPT732a4ca03c30,Can you tell me what is on the red sign to the right of the 'CHEESE' sign?,OCR Recognition,Lodbrokes,,oom,oom,12,11,167.77439907193184,1920,22383.65087890625,2,True,False,False,True,,False,False,False
TPROMPT8b7f32c7243b,What is the text content of the first row within the red area at the top of the sign on the street lamp in the picture?,OCR Recognition,TOW-AWAY,,completed,image_or_turn_cap,12,11,121.74088234640658,1722,20849.2685546875,1,True,False,False,True,,False,False,False
TPROMPT776fb7077320,"In the picture, what is the content after 'CALL'?",OCR Recognition,7044455524,704455532,completed,answer,2,1,5.883900178596377,191,16264.12841796875,1,True,False,False,True,False,False,False,False
TPROMPT14874df56003,What is the content of the illuminated text below the yogurt icon on the sign?,OCR Recognition,酸奶,,completed,image_or_turn_cap,12,11,52.01715719513595,1382,17193.65087890625,1,True,False,False,True,,False,False,False
TPROMPT61640b7174a0,What is the text content displayed below the vertically arranged '瓷器' in the picture?,OCR Recognition,零售,936 Huang Hao,completed,answer,6,5,56.90891033038497,780,19135.55126953125,2,True,False,False,True,False,False,False,False
TPROMPT143eb4f78ae5,What is the phone number at the very bottom of the signboard with the content 'TK. SEJATI'?,OCR Recognition,0901223745,0901-228-748,completed,answer,4,3,20.23122147656977,482,17062.49853515625,1,True,False,False,True,False,False,False,False
TPROMPTd83b61a6a489,"Below the red traditional characters '真鲜', what is the simplified Chinese content corresponding to the black traditional characters?",OCR Recognition,生鱼片专卖,,oom,oom,11,10,134.38086781464517,1462,21786.2880859375,,False,False,False,True,,False,False,False
TPROMPTe6d5d67c90a4,"On the sign titled '姊妹', what is the text content in the first row below it?",OCR Recognition,服装修改,服裝修改,completed,answer,7,6,55.19293424487114,796,18855.259765625,4,True,False,True,False,,False,True,False
TPROMPT4163826dc1ac,There is a model car in the picture. Please tell me what color it is.,Color Recognition,Brown,,completed,image_or_turn_cap,12,11,61.387792985886335,1316,17504.6435546875,,False,False,False,True,,False,False,False
TPROMPT6f5246e7919d,"Did you notice the characters '外酥里嫩'? Quick, tell me what color they are.",Color Recognition,White,,oom,oom,11,10,125.546073731035,1197,21873.23486328125,2,True,False,False,True,,False,False,False
TPROMPTbf126167495a,Please find the glasses in the picture and describe the color of their frames.,Color Recognition,Pink,The glasses in the picture have red frames.,completed,answer,4,3,25.696862019598484,478,17782.15478515625,,False,False,False,True,False,False,False,False
TPROMPT082e2ab8ca3f,"In the picture, there is a utility knife with its blade retracted. What colors are on this utility knife?",Color Recognition,White and purple,,oom,oom,12,11,166.38324371166527,1662,22357.8349609375,1,True,False,False,True,,False,False,False
TPROMPTce33bd920c2d,"In this picture, what color are the clothes worn by the black Eggy character?",Color Recognition,Blue,,completed,image_or_turn_cap,12,11,49.2509895041585,1236,17063.91357421875,1,True,False,False,True,,False,False,False
TPROMPTbf5dc4466ea8,Did you notice that there is a lamp in the picture that is not turned on? What color is its lampshade?,Color Recognition,Black,,completed,image_or_turn_cap,12,11,144.6264832355082,1963,21816.91015625,1,True,False,False,True,,False,False,False
TPROMPTc8292fc01cf4,"Quickly tell me, what color is that hollow star-shaped object in the picture?",Color Recognition,Silver,The hollow star-shaped object is yellow.,completed,answer,4,3,18.989495990797877,450,17029.54443359375,,False,False,False,True,False,False,False,False
TPROMPTf84357322ce5,What color is the cap of the seasoning bottle to the left of the seasoning bottle with the white cap?,Color Recognition,Yellow,The cap of the seasoning bottle to the left of the one with the white cap is blue.,completed,answer,4,3,16.265870274975896,513,16485.24267578125,,False,False,False,True,False,False,False,False
TPROMPT1f1fba410196,Please tell me the color of the word 'regina'.,Color Recognition,Green,black,completed,answer,5,4,32.971949541941285,529,18109.435546875,2,True,False,False,True,False,False,False,False
TPROMPT48df9787dcba,"In the picture, what color shoes is the person with red clothes tied around their waist wearing?",Color Recognition,Blue,The person with red clothes tied around their waist is wearing red shoes.,completed,answer,6,5,36.258185524493456,634,18028.2294921875,3,True,False,False,True,False,False,False,False
TPROMPTa3f0d7e22800,What color is 'INTERSTATE' in the picture?,Color Recognition,Black,white,completed,answer,3,2,14.881489291787148,317,17109.51318359375,1,True,False,False,True,False,False,False,False
TPROMPT47ffd9aff6a5,"In the picture, what color are the characters '金の目'?",Color Recognition,Black,,completed,image_or_turn_cap,12,11,89.7236654330045,1979,18002.6123046875,,False,False,False,True,,False,False,False
TPROMPT2f7b35f34328,"In the picture, there is a cup with a green handle. What is the main color of the cup to its right?",Color Recognition,Yellow,yellow,completed,answer,8,7,67.86690890043974,1100,19052.3828125,5,True,False,True,False,,False,True,False
TPROMPTecc803d3a795,"There is a person wearing a yellow top in the picture. Can you tell me what color clothing the person to his left, on the right side of the frame, is wearing?",Color Recognition,Black,The person to the left of the person wearing a yellow top is wearing a black top.,completed,answer,5,4,32.161753345280886,621,17906.796875,,False,False,False,True,True,False,True,False
TPROMPTcf704e168a0c,There is a bottle with a cap that has a green background and white spots. Can you tell the background color of the cap to its left?,Color Recognition,Red,blue,completed,answer,4,3,21.09512186422944,493,17179.4990234375,,False,False,False,True,False,False,False,False
TPROMPTf0701c9a52c1,What color clothes is the person wearing a dark blue hat and denim shorts wearing?,Color Recognition,Pink,,invalid,unparsed_model_output,4,3,72.0112454276532,2414,17326.5234375,,False,False,False,True,,False,False,False
TPROMPT93014e1d8303,Please tell me what color the frame of the mirror in the picture is?,Color Recognition,Pink,The frame of the mirror is black.,completed,answer,2,1,6.371976159512997,187,16422.8876953125,,False,False,False,True,False,False,False,False
TPROMPT92ccc3e205b9,What color top is the person wearing an orange short skirt wearing?,Color Recognition,White,The person wearing an orange short skirt is wearing a blue top.,completed,answer,5,4,34.12714399956167,531,18292.3251953125,2,True,False,False,True,False,False,False,False
TPROMPT2704cc287a78,Could you help me check the color of the characters '39939' in the image?,Color Recognition,Black,The color of the characters '39939' is black.,completed,answer,4,3,24.316383274272084,450,17481.9013671875,1,True,False,False,True,True,False,True,False
TPROMPT3548aa15300e,Help me look at the color of the characters '入口' below the right-pointing arrow in the image.,Color Recognition,Black,black,completed,answer,7,6,44.13089272752404,802,18293.650390625,5,True,False,True,False,,False,True,False
TPROMPT59892e5d6946,Help me see what item is placed to the left of the TV?,Entity Recognition,Flower pot,,completed,image_or_turn_cap,12,11,71.08914565853775,2232,17144.78125,1,True,False,False,True,,False,False,False
TPROMPT9309f58a65aa,What is the red and white striped object to the left of the traffic police officer?,Entity Recognition,Traffic cone,,completed,image_or_turn_cap,12,11,57.750456212088466,1658,17031.05712890625,1,True,False,False,True,,False,False,False
TPROMPT31a0621e1bbc,What color is the box to the left of the Crayon Shin-chan toy?,Color Recognition,Blue,The box to the left of the Crayon Shin-chan toy is blue.,completed,answer,3,2,15.840155957266688,396,16999.845703125,1,True,False,False,True,True,False,True,False
TPROMPT5f40e3f3825d,Do you know what is placed on the orange-covered book in the picture?,Entity Recognition,Camera,,completed,image_or_turn_cap,12,11,75.69257590733469,1578,18144.60546875,1,True,False,False,True,,False,False,False
TPROMPT19d01b3ff8c1,What is the white object to the left of the slotted spoon in the picture?,Entity Recognition,Peeler,The white object to the left of the slotted spoon is a white spatula.,completed,answer,6,5,31.20076664723456,942,16866.326171875,1,True,False,False,True,False,False,False,False
TPROMPTf5f6e669b005,What is the item to the left of the remote control? I'm a bit unsure.,Entity Recognition,A small retro-style speaker,,completed,image_or_turn_cap,12,11,48.422837087884545,1277,17120.544921875,,False,False,False,True,,False,False,False
TPROMPTc602c59d4cf3,The room is so cluttered; help me see what the white object immediately to the bottom left of the cup with the bow pattern is?,Entity Recognition,Mobile phone,The white object immediately to the bottom left of the cup with the bow pattern is a white computer mouse.,completed,answer,4,3,15.551152853295207,484,16538.9013671875,1,True,False,False,True,False,False,False,False
TPROMPT48a9328fd3f6,"Seeing the camera on the wooden stand, what is the item on the same stand as the camera?",Entity Recognition,Watch,The item on the same stand as the camera is a vintage radio or tape recorder.,completed,answer,6,5,24.688730236142874,768,16619.56689453125,1,True,False,False,True,False,False,False,False
TPROMPTe2ae8879903b,"I can't see clearly what is placed to the right of the headphones in the picture, can you tell me what it is?",Entity Recognition,Remote control,,completed,image_or_turn_cap,12,11,78.17330309003592,2352,17387.9072265625,1,True,False,False,True,,False,False,False
TPROMPTfdeca2460585,What is to the right of the sandwich figure? It's a bit hard to see.,Entity Recognition,Hamburger charm,"To the right of the sandwich figure, there is a toy hamburger.",completed,answer,2,1,6.20933585613966,186,16384.078125,1,True,False,False,True,True,False,True,False
TPROMPT290bead25899,"In the picture, who is wearing red clothes and located at the bottom right of SpongeBob?",Entity Recognition,Winnie the Pooh,,completed,image_or_turn_cap,12,11,59.7204916626215,1855,17025.3662109375,1,True,False,False,True,,False,False,False
TPROMPTdfea3431f2e2,Can you tell me what color the item on the first tier of the two-tier shelf to the left of the fridge is?,Color Recognition,Beige and brown,pink,completed,answer,3,2,15.14290764182806,381,16916.09521484375,,False,False,False,True,False,False,False,False
TPROMPT4436defccde7,Can you identify objects? Please help me identify what the cat plushie in the picture is holding in its hands.,Entity Recognition,Guitar,,completed,image_or_turn_cap,12,11,70.89687267504632,1622,17651.98388671875,,False,False,False,True,,False,False,False
TPROMPT266023b2027b,There are two hair clips with cartoon decorations in the picture. Can you tell me what they are?,Entity Recognition,Hello Kitty and puppy decorations,,completed,image_or_turn_cap,12,11,103.87860722094774,1634,20001.71826171875,,False,False,False,True,,False,False,False
TPROMPT2300c13c0671,"There is a headphone box in the picture. To its left, there is a gray and black object. What is the name of this object?",Entity Recognition,Smartwatch,The object to the left of the headphones box is a camera.,completed,answer,5,4,25.75892584398389,563,17275.28564453125,1,True,False,False,True,False,False,False,False
TPROMPT46edefc49059,Could you help me identify the item? What is the object being held up by the elderly doll?,Entity Recognition,Smartwatch,,invalid,unparsed_model_output,6,5,80.17623633518815,2662,17363.3095703125,1,True,False,False,True,,False,False,False
TPROMPT2f6ab630f960,What is the number printed on the card deck's box?,OCR Recognition,979,,completed,image_or_turn_cap,12,11,146.64507539197803,1857,22360.419921875,1,True,False,False,True,,False,False,False
TPROMPT10fc1db354a2,What is the female doll with double buns holding in her hands?,Entity Recognition,A barbell,,invalid,unparsed_model_output,6,5,69.8048415966332,2749,16596.05322265625,,False,False,False,True,,False,False,False
TPROMPT4e789f57d216,What is the container holding the blue flowers?,Entity Recognition,Candle holder,The container holding the blue flowers is a white vase.,completed,answer,2,1,8.644578101113439,188,16863.41015625,1,True,False,False,True,False,False,False,False
TPROMPTf03553c35e90,Can you tell me what is behind that small piano?,Entity Recognition,Cello,,completed,image_or_turn_cap,12,11,99.89427636750042,1630,19665.28271484375,,False,False,False,True,,False,False,False
TPROMPTce2940009b7b,What color is the smartphone in the picture?,Color Recognition,White,The smartphone in the picture is pink.,completed,answer,2,1,6.076731426641345,178,16386.33056640625,,False,False,False,True,False,False,False,False
TPROMPT790db35716bc,"I see a yellow plate in the picture, what is inside that plate?",Entity Recognition,Small cakes,"The plate contains some dark, round fruits which appear to be grapes.",completed,answer,4,3,19.371562354266644,393,17231.5302734375,,False,False,False,True,False,False,False,False
TPROMPT3cc2cc870796,"Taking the horizontal orientation of the word 'CARROT' as a reference, what is the first pattern below it?",Entity Recognition,Carrot,The first pattern below the word 'CARROT' is a carrot.,completed,answer,4,3,20.85138501599431,431,17281.98974609375,1,True,False,False,True,True,False,True,False
TPROMPT397cfabc5668,What is the white line puppy in the picture holding with both hands?,Entity Recognition,A heart,,completed,image_or_turn_cap,12,11,52.49848394095898,1359,17096.28076171875,,False,False,False,True,,False,False,False
TPROMPT3e12bdceaf5f,"Did you notice, what is the horse with white hair on its head carrying on its back?",Entity Recognition,A strawberry,,completed,image_or_turn_cap,12,11,64.69643031619489,1632,17428.216796875,1,True,False,False,True,,False,False,False
TPROMPTa959e892eec9,"Could you tell me, what real-life entity is the hair clip above the one with star decorations shaped like?",Entity Recognition,Bone,,oom,oom,12,11,152.64681953936815,1530,22357.60791015625,3,True,False,False,True,,False,False,False
TPROMPT473e38c1eb2d,"In the row of text '你好，这是我的书包', what is the entity of the first charm located directly above the two characters '书包'?",Entity Recognition,Headphones,The entity of the first charm located directly above the two characters '书包' is a keychain with a picture of a girl.,completed,answer,6,5,35.31904864124954,844,17338.431640625,1,True,False,False,True,False,False,False,False
TPROMPT275ea85d1748,Could you help me check what is the first item to the right of the Pepsi?,Entity Recognition,Iced Tea,,completed,image_or_turn_cap,12,11,67.34350089542568,2078,17029.47412109375,1,True,False,False,True,,False,False,False
TPROMPTcb887313e74d,What is that light green object behind and to the left of the tallest plant?,Occluded Object Recognition,Trash bin,,completed,image_or_turn_cap,12,11,56.19851984269917,1604,17090.58935546875,,False,False,False,True,,False,False,False
TPROMPTf06acbe8b51e,What is the object in front of the boy in a white shirt and the girl in a white jacket and black shorts?,Occluded Object Recognition,Suitcase,The object in front of the boy in a white shirt and the girl in a white jacket and black shorts is a red fire hydrant.,completed,answer,3,2,11.423734659329057,362,16479.357421875,1,True,False,False,True,False,False,False,False
TPROMPT256ca214751e,What type of vehicle is indicated by the sign located above the signs with the numbers '7' and '12' in the image?,Occluded Object Recognition,Passenger car,,invalid,unparsed_model_output,5,4,70.95337127521634,2801,16658.60498046875,1,True,False,False,True,,False,False,False
TPROMPT294532df0b70,What is the driving status of the vehicles reflected in the convex mirror?,Occluded Object Recognition,Driving straight or turning left towards the intersection,,completed,image_or_turn_cap,12,11,56.0787251573056,1753,16932.28564453125,1,True,False,False,True,,False,False,False
TPROMPTf1708d393345,How many people are in the poster on the wall that is obscured by the hanging green leaves?,Occluded Object Recognition,Two,4,completed,answer,5,4,17.198841150850058,560,16450.9697265625,1,True,False,False,True,False,False,False,False
TPROMPTb3612e8d6d1e,What is the oval object behind the white facial cleanser on the shelf?,Occluded Object Recognition,Cushion hairbrush,,completed,image_or_turn_cap,12,11,53.76093978062272,1636,16947.880859375,,False,False,False,True,,False,False,False
TPROMPT33ad5c10157a,"On a table covered with a white cloth in front of an empty yellow chair, what is the other partially obscured object besides the yellow one?",Occluded Object Recognition,Potted plant,,invalid,unparsed_model_output,5,4,64.50211561657488,2663,16396.12841796875,1,True,False,False,True,,False,False,False
TPROMPT8dd640832c5f,In which direction is the mouth of the fallen plastic bottle pointing?,Occluded Object Recognition,Front-left,The mouth of the fallen plastic bottle is pointing to the left.,completed,answer,3,2,12.238612785935402,336,16562.572265625,1,True,False,False,True,True,False,True,False
TPROMPTf75544649373,What is the object with pink handles to the left of the small folding table?,Occluded Object Recognition,Kids' scooter,The object with pink handles is a mop.,completed,answer,6,5,24.405956717208028,752,16643.232421875,1,True,False,False,True,False,False,False,False
TPROMPT176f197b8403,What is the senior wearing glasses holding in his hand?,Occluded Object Recognition,Water bottle,,completed,image_or_turn_cap,12,11,47.783404449000955,1340,16948.4970703125,1,True,False,False,True,,False,False,False
TPROMPT8628d17ba98b,What object is the toy figure on the corner of the windowsill holding with its right hand?,Occluded Object Recognition,Hat,,completed,image_or_turn_cap,12,11,56.581289844587445,1718,16980.31201171875,,False,False,False,True,,False,False,False
TPROMPT433eb7d38409,What shop is located downstairs from the room with the clothes drying pole in the picture?,Entity Recognition,阿福早餐,,completed,image_or_turn_cap,12,11,58.99488993734121,1519,17320.392578125,3,True,False,False,True,,False,False,False
TPROMPTb597efb6724c,How many '禁止长时间停车' traffic signs are there in total in the picture?,Occluded Object Recognition,3,,completed,image_or_turn_cap,12,11,57.65954966284335,1430,17523.771484375,1,True,False,False,True,,False,False,False
TPROMPT4ebc8e5a4604,What item is the yellow sign advertising?,Occluded Object Recognition,Fruit,,completed,image_or_turn_cap,12,11,47.4749812297523,1333,16963.38916015625,1,True,False,False,True,,False,False,False
TPROMPT1ba66b77a6b0,What kind of animal images are the two cartoon characters in the mural that is partially obscured by the corner of the hanging poster?,Occluded Object Recognition,Rabbits,The cartoon character in the mural is a bird.,completed,answer,4,3,10.846853548660874,397,16178.544921875,1,True,False,False,True,False,False,False,False
TPROMPT1c4e65857519,How many tower cranes are there in total next to the tall building outside the window?,Occluded Object Recognition,3,2,completed,answer,5,4,17.90722574852407,532,16541.26416015625,1,True,False,False,True,False,False,False,False
TPROMPT9676e8a997c3,What type of vehicle is behind the green bus?,Occluded Object Recognition,Taxi,The vehicle behind the green bus is a car.,completed,answer,3,2,11.27934292331338,360,16449.4912109375,1,True,False,False,True,False,False,False,False
TPROMPT7dfcef906dff,Can you tell me which direction the surveillance camera in the picture is facing?,Occluded Object Recognition,Bottom-left corner,The surveillance camera is facing downwards and slightly to the right.,completed,answer,4,3,14.179184269160032,440,16497.244140625,,False,False,False,True,False,False,False,False
TPROMPT86f9fc4b4507,What is the function of the items posted on the back of the proprietress's wooden table?,Occluded Object Recognition,Receiving payment,"The items posted on the back of the proprietress's wooden table, including a calendar and a blue sign, serve multiple functions. The calendar is used for keeping track of dates. The blue sign contains contact information, such as a phone number and possibly an address, which allows customers to contact the shop.",completed,answer,4,3,19.98399669677019,692,16507.03466796875,,False,False,False,True,False,False,False,False
TPROMPT14acb1f8302e,"Look, on the second-floor balcony, what is the object partially obscured by the railings and flower pots?",Occluded Object Recognition,outdoor condenser unit,,completed,image_or_turn_cap,12,11,63.470747308805585,1483,17408.3828125,1,True,False,False,True,,False,False,False
TPROMPTfb3db478a89d,What color is the bag held by the person behind the sign containing the text '牛尾' in the picture?,Occluded Object Recognition,Red,red,completed,answer,4,3,25.791033517569304,517,17649.27294921875,1,True,False,True,False,,False,True,False
TPROMPTf6d2b9edb7b2,What word is written above 'Garden' in the image?,OCR Recognition,Inn,Hilton,completed,answer,4,3,29.285516114905477,572,17873.92578125,2,True,False,False,True,False,False,False,False
TPROMPT303869e65fa6,What is the text content with white characters on a red background in the gap between the building wall and the pillar in the image?,Occluded Object Recognition,足美,JIGUANG FRIED CHICKEN,completed,answer,3,2,17.027369963005185,327,17260.0712890625,,False,False,False,True,False,False,False,False
TPROMPT3af283993b4f,What orange object is blocked by the tree with the blue-and-white '24/7' sign hanging on it?,Occluded Object Recognition,An electric scooter,The orange object is a scooter.,completed,answer,7,6,55.42205449193716,882,18592.79736328125,1,True,False,False,True,True,False,True,False
TPROMPTf0730a4d99d6,"Looking at the image, what are the last two letters of the sign behind the red 'CAFE BAR OPEN' sign that is partially obscured by the eaves?",Occluded Object Recognition,NS,ar,completed,answer,3,2,13.396011777222157,353,16795.0625,1,True,False,False,True,False,False,False,False
TPROMPT70cc4aa9b0ad,Can you see what the obscured text content at the end of the pink sign below '年青人眼镜' is?,Occluded Object Recognition,莎莎,,oom,oom,12,11,136.99403594247997,996,22423.8291015625,1,True,False,False,True,,False,False,False
TPROMPTf6a13a535901,What color is the bag being carried by the person pulling the black suitcase?,Color Recognition,Fuchsia,red,completed,answer,5,4,29.11223927140236,616,17296.7587890625,1,True,False,False,True,False,False,False,False
TPROMPT88392d5bae9d,What are the three letters before the '。' in the partially obscured text to the left of the traffic light in the center of the image?,Occluded Object Recognition,SAY,,invalid,unparsed_model_output,5,4,72.6944086831063,2502,17279.89111328125,1,True,False,False,True,,False,False,False
TPROMPT4db4a1e6a431,Do you know what the blue sign near the stairway entrance in the picture means?,Occluded Object Recognition,Bus lane sign,,completed,image_or_turn_cap,12,11,63.53998504392803,1403,17486.85009765625,1,True,False,False,True,,False,False,False
TPROMPTd8cea30a3f40,"To the left of the building on the right side of the image, what is the white object partially obscured by plants?",Occluded Object Recognition,Small truck,,completed,image_or_turn_cap,12,11,70.95215370692313,1446,17737.19140625,1,True,False,False,True,,False,False,False
TPROMPT77a09000c1fe,Please state the content of the white text with a blue background that is obscured by the red canopy in the picture.,Occluded Object Recognition,通银行（香港）,,completed,image_or_turn_cap,12,11,126.8837021291256,1610,20868.54150390625,1,True,False,False,True,,False,False,False
TPROMPTcf226d5030b8,"On the red sign located to the upper right of the green sign with a white 'm', what is the first word?",Occluded Object Recognition,GIFT,BURGER,completed,answer,4,3,27.11731114797294,492,17687.7314453125,1,True,False,False,True,False,False,False,False
TPROMPT6a35efbe56dd,What is the content of the sign above the red '忠于原味' sign in the picture?,Occluded Object Recognition,大明星戏院,,completed,image_or_turn_cap,12,11,101.10437841899693,2081,18939.53515625,,False,False,False,True,,False,False,False
TPROMPT5aefd2ab4c87,"It is not very clear what the content on the first floor of the building with the 'CLARA' text is, as it is partially obscured by the tents. Could you please tell me what it says?",Occluded Object Recognition,CIMB BA,,completed,image_or_turn_cap,12,11,80.58511746302247,1816,18029.14697265625,,False,False,False,True,,False,False,False
TPROMPT67850947f5da,What is the bottom row of numbers on the license plate of the electric bike ridden by the man in the gray top in the picture?,OCR Recognition,826.85,82685,completed,answer,5,4,28.12657905369997,613,17295.26025390625,1,True,False,False,True,True,False,True,False
TPROMPT378b8f698c05,Identify what the obscured sign above the black car in the image is.,Occluded Object Recognition,Bus stop sign,,completed,image_or_turn_cap,12,11,60.88377967104316,1396,17378.76708984375,1,True,False,False,True,,False,False,False
TPROMPTf33ce6bcff4e,What is the partially obscured object between the woman in the red dress in the center of the image and the large tree on the right?,Occluded Object Recognition,An electric scooter,"The partially obscured object is a person, who appears to be a man in a black shirt, standing behind the tree and looking at his phone.",completed,answer,6,5,35.751984572038054,861,17324.56298828125,1,True,False,False,True,False,False,False,False
TPROMPTc04e48bbc232,What exactly is the traffic sign on the lamp post on the left in the picture?,Occluded Object Recognition,No left turn,"The traffic sign on the lamp post on the left is a ""no left turn"" sign.",completed,answer,4,3,19.79782024770975,511,16930.1318359375,1,True,False,False,True,True,False,True,False
TPROMPT9fae2cd40e06,Can you tell me the position of the white power outlet relative to the puppy wearing a white and red hat?,Spatial Relationship,To the bottom right,,completed,image_or_turn_cap,12,11,53.86095294356346,1529,17052.4462890625,1,True,False,False,True,,False,False,False
TPROMPT5013d9f0a3b0,"What is the girl in the black skirt, who is to the right of the boy in purple clothes next to the clown, holding in her hand?",Spatial Relationship,A bag,,completed,image_or_turn_cap,12,11,72.84744442626834,1724,17970.02685546875,4,True,False,False,True,,False,False,False
TPROMPTdd3cd69fde68,Can you tell me who is standing in front of the man scratching his head?,Spatial Relationship,A little boy in yellow clothes,A woman in a black dress is standing in front of the man scratching his head.,completed,answer,4,3,15.30204239487648,464,16552.06005859375,,False,False,False,True,False,False,False,False
TPROMPTe1922b8f0404,Do you know what is written on the sign below the ice cream?,Spatial Relationship,炸鲜奶,,completed,image_or_turn_cap,12,11,51.700877379626036,1404,17107.62353515625,,False,False,False,True,,False,False,False
TPROMPT1774720d97d9,What color clothes is the man eating a banana wearing?,Color Recognition,Green,,completed,image_or_turn_cap,12,11,48.43679532408714,1664,16703.65771484375,,False,False,False,True,,False,False,False
TPROMPT8f6f95bc1628,What color are the hands of the doll holding a water cup with both hands?,Color Recognition,Black,white,completed,answer,5,4,19.93953707255423,613,16566.4541015625,1,True,False,False,True,False,False,False,False
TPROMPT727f619343da,Do you see what the item behind a water cup is?,Spatial Relationship,Doll,"Yes, the item behind the water cup is a Chanel box.",completed,answer,5,4,19.987014908343554,660,16508.85888671875,,False,False,False,True,False,False,False,False
TPROMPTf8a94a9faedf,What is the number to the right of 36?,Spatial Relationship,12,,completed,image_or_turn_cap,12,11,59.743381110951304,1749,17108.07470703125,3,True,False,False,True,,False,False,False
TPROMPTfcde76eaeb49,What is written to the right of '想见面集合'?,Spatial Relationship,要开心烤肉,要开心瘦肉,completed,answer,7,6,26.638942858204246,727,16834.11083984375,2,True,False,False,True,False,False,False,False
TPROMPTe1d8627867cc,What is the name of the shop to the right of '时尚连潮'?,Spatial Relationship,六月红,,completed,image_or_turn_cap,12,11,47.22780046798289,1253,16891.2626953125,,False,False,False,True,,False,False,False
TPROMPTe98c57cad61b,Can you tell me what the Chinese character above '牛' to the right of the arrow is?,Spatial Relationship,杯,,completed,image_or_turn_cap,12,11,50.9765216819942,1343,17058.70654296875,,False,False,False,True,,False,False,False
TPROMPT42a1f591e921,"On the 1st floor, what color is the bag carried by the woman in the dark long dress who is directly behind the man holding two light sticks?",Spatial Relationship,Yellow,black,completed,answer,4,3,17.840891130268574,520,16725.404296875,1,True,False,False,True,False,False,False,False
TPROMPTb8db929c9dcd,What is written above '铁签烤牛肉'?,Spatial Relationship,烤官,,completed,image_or_turn_cap,12,11,44.392063945531845,1162,16952.43505859375,,False,False,False,True,,False,False,False
TPROMPT892be3409102,"Behind the person in black clothes with their hands on their hips, there is a person in a green dress; is she holding anything in her arms?",Spatial Relationship,A child,,completed,image_or_turn_cap,12,11,58.466871447861195,1699,17039.39453125,,False,False,False,True,,False,False,False
TPROMPTa2697c72db83,What phrase is to the right of '小炒黄牛肉'?,Spatial Relationship,认准辣可可,认准辣可可,completed,answer,3,2,10.487428041175008,322,16455.14599609375,1,True,True,True,False,,False,True,False
TPROMPT0000ab2db273,"I'd like to ask, what are the two English letters below the character '间'?",Spatial Relationship,ET,,completed,image_or_turn_cap,12,11,48.99350985325873,1305,16979.72021484375,1,True,False,False,True,,False,False,False
TPROMPT15c77d450686,Can you tell me what is written above '颜料'?,Spatial Relationship,化工,化工,completed,answer,4,3,13.446764469146729,419,16464.93212890625,1,True,True,True,False,,False,True,False
TPROMPT9404003b799f,Do you know which two characters are written to the right of '杭州宝岛'?,Spatial Relationship,眼镜,,completed,image_or_turn_cap,12,11,67.69995543174446,1764,17443.912109375,3,True,False,False,True,,False,False,False
TPROMPTb47e9914e0a5,What is written below '优格'?,Spatial Relationship,工坊,,completed,image_or_turn_cap,12,11,64.7784938365221,1612,17782.5283203125,2,True,False,False,True,,False,False,False
TPROMPT6eca86c3bd8c,Can you tell me what is written to the right of '东北炖鸡'?,Spatial Relationship,大王,,completed,image_or_turn_cap,12,11,68.49822725914419,1962,17440.16796875,1,True,False,False,True,,False,False,False
TPROMPT08c724f096a1,What is written above '真冰滑冰场'?,Spatial Relationship,冰河湾,,completed,image_or_turn_cap,12,11,60.922281075268984,1840,17110.314453125,1,True,False,False,True,,False,False,False
TPROMPT6760aafeebfb,What is hanging to the right of the bookshelf where the bear doll is located?,Spatial Relationship,A bag,,completed,image_or_turn_cap,12,11,60.52620795741677,1867,17035.3798828125,,False,False,False,True,,False,False,False
TPROMPT4636b72ec2d0,"In this picture, what is the English text above 'CAFE'?",Spatial Relationship,CUSTOMA,,completed,image_or_turn_cap,12,11,55.319017332047224,1672,16987.35546875,,False,False,False,True,,False,False,False
